-- insert user for admin
INSERT INTO T_USER(USERID,APP_ID,NAME,LOGIN_NAME,SALT,PASSWORD,CREATOR_ID,MODIFIER_ID,CREATE_DATE,LAST_MODIFY_DATE)
VALUES(1,1,'administrator','admin','9d58a5e4487f9801','45c10f6b4d2a1bb5e24224260d3c388c678a7858',1,1,'2013-10-10 12:00:00.000000','2013-10-10 12:00:00.000000');

-- insert app for system
INSERT INTO T_APP_LIST(APP_ID,CHI_NAME,ENG_NAME,DISPLAY_NAME,URL_NAME,STATUS,VERSION,CREATOR_ID,MODIFIER_ID,CREATE_DATE,LAST_MODIFY_DATE)
VALUES(1,'综合应用系统','Complex Application System.','LoginBoot','index.htm',0,'1.0.0.0',1,1,'2013-10-10 12:00:00.000000','2013-10-10 12:00:00.000000');

-- insert parameters 系统参数
INSERT INTO T_PARAMS(APP_ID,NAME,VALUE,NOTES)
VALUES(1,'SESSIONTIMEOUT','30','SESSION TIMEOUT(MINUTE)');
INSERT INTO T_PARAMS(APP_ID,NAME,VALUE,NOTES)
VALUES(1,'PWDMAXFAILTIMES','5','PASSWORD MAXIMUN FAILURE TIMES');
INSERT INTO T_PARAMS(APP_ID,NAME,VALUE,NOTES)
VALUES(1,'MAXONLINEUSER','mCPbMOv3tlMgKBLU0Hs6iQ==','MAX USER');

-- 菜单信息
-- SystemManage
INSERT INTO T_MENU(MID,NAME,TYPE,PID,URI,PERMISSION,DEPTH,`RANGE`)
VALUES(1000,'MENU.01000',0,1000,'','system',0,2);
-- System Role Management
INSERT INTO T_MENU(MID,NAME,TYPE,PID,URI,PERMISSION,DEPTH,`RANGE`)
VALUES(1010,'MENU.01010',2,1000,'system/role.do','system-role',1,2);
INSERT INTO T_MENU(MID,NAME,TYPE,PID,URI,PERMISSION,DEPTH,`RANGE`)
VALUES(1011,'MENU.01011',1,1010,'','system-role-add',2,2);
INSERT INTO T_MENU(MID,NAME,TYPE,PID,URI,PERMISSION,DEPTH,`RANGE`)
VALUES(1012,'MENU.01012',1,1010,'','system-role-upd',2,2);
INSERT INTO T_MENU(MID,NAME,TYPE,PID,URI,PERMISSION,DEPTH,`RANGE`)
VALUES(1013,'MENU.01013',1,1010,'','system-role-del',2,2);
-- System User Management
INSERT INTO T_MENU(MID,NAME,TYPE,PID,URI,PERMISSION,DEPTH,`RANGE`)
VALUES(1020,'MENU.01020',2,1000,'system/user.do','system-user',1,2);
INSERT INTO T_MENU(MID,NAME,TYPE,PID,URI,PERMISSION,DEPTH,`RANGE`)
VALUES(1021,'MENU.01021',1,1020,'','system-user-add',2,2);
INSERT INTO T_MENU(MID,NAME,TYPE,PID,URI,PERMISSION,DEPTH,`RANGE`)
VALUES(1022,'MENU.01022',1,1020,'','system-user-upd',2,2);
INSERT INTO T_MENU(MID,NAME,TYPE,PID,URI,PERMISSION,DEPTH,`RANGE`)
VALUES(1023,'MENU.01023',1,1020,'','system-user-del',2,2);
INSERT INTO T_MENU(MID,NAME,TYPE,PID,URI,PERMISSION,DEPTH,`RANGE`)
VALUES(1024,'MENU.01024',1,1020,'','system-user-rpw',2,2);
INSERT INTO T_MENU(MID,NAME,TYPE,PID,URI,PERMISSION,DEPTH,`RANGE`)
VALUES(1025,'MENU.01025',1,1025,'','system-user-userAccExp',0,2);
-- System Parameter Management
INSERT INTO T_MENU(MID,NAME,TYPE,PID,URI,PERMISSION,DEPTH,`RANGE`)
VALUES(1030,'MENU.01030',2,1000,'system/param.do','system-param',1,2);
INSERT INTO T_MENU(MID,NAME,TYPE,PID,URI,PERMISSION,DEPTH,`RANGE`)
VALUES(1032,'MENU.01032',1,1030,'','system-param-upd',2,2);
-- System Client Management
INSERT INTO T_MENU(MID,NAME,TYPE,PID,URI,PERMISSION,DEPTH,`RANGE`)
VALUES(1040,'MENU.01040',2,1000,'system/client.do','system-client',1,0);
INSERT INTO T_MENU(MID,NAME,TYPE,PID,URI,PERMISSION,DEPTH,`RANGE`)
VALUES(1041,'MENU.01041',1,1040,'','system-client-add',2,0);
INSERT INTO T_MENU(MID,NAME,TYPE,PID,URI,PERMISSION,DEPTH,`RANGE`)
VALUES(1042,'MENU.01042',1,1040,'','system-client-upd',2,0);
INSERT INTO T_MENU(MID,NAME,TYPE,PID,URI,PERMISSION,DEPTH,`RANGE`)
VALUES(1043,'MENU.01043',1,1040,'','system-client-del',2,0);
-- 审计日记
INSERT INTO T_MENU(MID,NAME,TYPE,PID,URI,PERMISSION,DEPTH,`RANGE`)
VALUES(1090,'MENU.01090',2,1000,'system/auditlog.do','system-auditlog',1,2);

-- initialize the role 角色信息
INSERT INTO T_ROLE(RID,APP_ID,NAME,DESCRIPTION,CREATOR_ID,MODIFIER_ID,CREATE_DATE,LAST_MODIFY_DATE)
VALUES(1,1,'admin','admin role',1,1,'2013-10-10 12:00:00.000000','2013-10-10 12:00:00.000000');

-- initialize the user_role 用户角色关联
INSERT INTO T_USER_ROLE(USERID,RID) VALUES(1,1);

-- initialize the T_ROLE_MENU 角色菜单关联
INSERT INTO T_ROLE_MENU(RID,MID) VALUES(1,1000);
INSERT INTO T_ROLE_MENU(RID,MID) VALUES(1,1010);
INSERT INTO T_ROLE_MENU(RID,MID) VALUES(1,1011);
INSERT INTO T_ROLE_MENU(RID,MID) VALUES(1,1012);
INSERT INTO T_ROLE_MENU(RID,MID) VALUES(1,1013);
INSERT INTO T_ROLE_MENU(RID,MID) VALUES(1,1020);
INSERT INTO T_ROLE_MENU(RID,MID) VALUES(1,1021);
INSERT INTO T_ROLE_MENU(RID,MID) VALUES(1,1022);
INSERT INTO T_ROLE_MENU(RID,MID) VALUES(1,1023);
INSERT INTO T_ROLE_MENU(RID,MID) VALUES(1,1024);
INSERT INTO T_ROLE_MENU(RID,MID) VALUES(1,1030);
INSERT INTO T_ROLE_MENU(RID,MID) VALUES(1,1032);
INSERT INTO T_ROLE_MENU(RID,MID) VALUES(1,1040);
INSERT INTO T_ROLE_MENU(RID,MID) VALUES(1,1041);
INSERT INTO T_ROLE_MENU(RID,MID) VALUES(1,1042);
INSERT INTO T_ROLE_MENU(RID,MID) VALUES(1,1043);
